{"extensionType":"field_faas","i18nMap":{"zh-CN":{},"en-US":{},"ja-JP":{}},"fields":[{"fieldType":17,"uiSchema":{"fieldsConfigEditor":{"component":"OpenFieldMetaEditor","props":{"schema":{"items":[{"key":"api_key","label":"API Key","component":"Text","props":{"placeholder":"BytePlus API Key"},"validator":{"required":true}},{"key":"model_name","label":"Model Version","component":"SingleSelect","defaultValue":"seedream-4-0-250828","props":{"options":[{"label":"seedream-4-0-250828","value":"seedream-4-0-250828"},{"label":"seedream-3-0-t2i-250415","value":"seedream-3-0-t2i-250415"}]},"tooltips":[{"type":"text","content":"seedream-3-0-t2i-250415 does not support reference image, stream, size selection"}]},{"key":"prompt","label":"Prompt","component":"Text","props":{"placeholder":"Input prompt here"},"validator":{"required":true}},{"key":"attachments","label":"Reference Image","component":"FieldSelect","props":{"supportType":[17]}},{"key":"size","label":"Size","component":"SingleSelect","defaultValue":"2K","props":{"options":[{"label":"2K","value":"2K"},{"label":"4K","value":"4K"}]}},{"key":"stream","label":"Stream","defaultValue":false,"component":"SingleSelect","props":{"options":[{"label":"True","value":true},{"label":"False","value":false}]}},{"key":"watermark","label":"Watermark","defaultValue":false,"component":"SingleSelect","props":{"options":[{"label":"True","value":true},{"label":"False","value":false}]}}]}}}},"presetFieldConfig":{"fieldProperty":{"propertyType":17,"properties":[]},"externalEditorConfig":{}},"disableAutoUpdate":false}]}